Usuario,Recall,Precision,F1,Películas Malas,Dirección,Pesos
Valentina,1.0,1.0,1.0,0,similar,"[0.8, 0.2]"
Rodrigo,0.3333333333333333,0.2,0.25,4,similar,"[0.8, 0.2]"
Camila,1.0,1.0,1.0,0,similar,"[0.8, 0.2]"
Tomás,0.3333333333333333,0.2,0.25,4,distinto,"[0.7, 0.3]"
Lucía,0.3333333333333333,0.2,0.25,4,distinto,"[0.8, 0.2]"
Martín,1.0,0.6,0.7499999999999999,2,similar,"[0.8, 0.2]"
Sofía,0.6666666666666666,0.6,0.631578947368421,2,similar,"[0.7, 0.3]"
Diego,0.6666666666666666,1.0,0.8,0,similar,"[0.8, 0.2]"
Elena,1.0,1.0,1.0,0,similar,"[0.7, 0.3]"
